fecha,sesion_id,turno,rol,perfil_alumno,problema,intento_previo,respuesta
2026-03-18 16:36:56,afecd477,1,Alumno,Medio,"""Un coche parte con v₀ = 5 m/s y acelera a 2 m/s² durante 3 s. ¿Qué velocidad final alcanza?""",,"Vale, voy a resolver el problema del coche que acelera. Tengo que encontrar la velocidad final y tengo la aceleración y el tiempo, así que pensaba que podía usar la fórmula para movimiento rectilíneo uniformemente acelerado, que es \( v = a \cdot t \).

En este caso, el coche acelera a 2 m/s² durante 3 segundos. Así que lo que haré es simplemente multiplicar la aceleración por el tiempo:

\[ v = 2 \, \text{m/s}² \cdot 3 \, \text{s} \]

Haciendo la multiplicación, esto da:

\[ v = 6 \, \text{m/s} \]

Sin embargo, creo que tengo que añadirle la velocidad inicial, que es 5 m/s. Espero que no se me olvide eso. 

Pero, como estoy un poco confundido, no sé si esta fórmula es correcta porque creo que sería más bien un movimiento rectilíneo uniforme (MRU), ya que solo me dan el tiempo y una aceleración de 2 m/s². Pero todavía uso la misma fórmula, aunque parece más de aceleración, porque de alguna forma el coche está acelerando. Así que la velocidad final sería, entonces, 6 m/s, según mi cálculo.

En resumen, creo que el coche alcanza una velocidad de 6 m/s. Espero que eso esté bien."
2026-03-18 16:36:56,afecd477,2,Profesor,,"""Un coche parte con v₀ = 5 m/s y acelera a 2 m/s² durante 3 s. ¿Qué velocidad final alcanza?""","Vale, voy a resolver el problema del coche que acelera. Tengo que encontrar la velocidad final y tengo la aceleración y el tiempo, así que pensaba que podía usar la fórmula para movimiento rectilíneo uniformemente acelerado, que es \( v = a \cdot t \).

En este caso, el coche acelera a 2 m/s² durante 3 segundos. Así que lo que haré es simplemente multiplicar la aceleración por el tiempo:

\[ v = 2 \, \text{m/s}² \cdot 3 \, \text{s} \]

Haciendo la multiplicación, esto da:

\[ v = 6 \, \text{m/s} \]

Sin embargo, creo que tengo que añadirle la velocidad inicial, que es 5 m/s. Espero que no se me olvide eso. 

Pero, como estoy un poco confundido, no sé si esta fórmula es correcta porque creo que sería más bien un movimiento rectilíneo uniforme (MRU), ya que solo me dan el tiempo y una aceleración de 2 m/s². Pero todavía uso la misma fórmula, aunque parece más de aceleración, porque de alguna forma el coche está acelerando. Así que la velocidad final sería, entonces, 6 m/s, según mi cálculo.

En resumen, creo que el coche alcanza una velocidad de 6 m/s. Espero que eso esté bien.","FASE 0 – Diagnóstico  
Entiendo que estás tratando de calcular la velocidad final de un coche que acelera. Has mencionado que hay aceleración y se te da un tiempo, así que efectivamente el movimiento es uniformemente acelerado (MUA), no uniforme (MRU). Tienes razón en que hay que considerar la velocidad inicial al calcular la velocidad final. 

FASE 1 – Datos  
Para asegurarnos de que tenemos toda la información, ¿puedes listar los datos importantes del problema junto con sus unidades?"
2026-03-18 16:36:56,afecd477,3,Alumno,Medio,"""Un coche parte con v₀ = 5 m/s y acelera a 2 m/s² durante 3 s. ¿Qué velocidad final alcanza?""","FASE 0 – Diagnóstico  
Entiendo que estás tratando de calcular la velocidad final de un coche que acelera. Has mencionado que hay aceleración y se te da un tiempo, así que efectivamente el movimiento es uniformemente acelerado (MUA), no uniforme (MRU). Tienes razón en que hay que considerar la velocidad inicial al calcular la velocidad final. 

FASE 1 – Datos  
Para asegurarnos de que tenemos toda la información, ¿puedes listar los datos importantes del problema junto con sus unidades?","Vale, voy a listar los datos del problema que creo que son importantes:

1. Velocidad inicial (v₀): 5 m/s (con esta parte creo que ya estoy bien)
2. Aceleración (a): 2 m/s²
3. Tiempo (t): 3 s

Yo creo que esos son los datos más importantes para resolver el problema de la velocidad final del coche. Ahora, parece que tengo que encontrar la velocidad final \( v_f \) utilizando la fórmula que se relaciona con el movimiento rectilíneo uniformemente acelerado.

Recapitulando un poco: mencioné que podría usar la fórmula \( v = a \cdot t \), pero me doy cuenta de que me falta la velocidad inicial en ese cálculo. Entonces, lo correcto sería usar la fórmula completa que incluye la velocidad inicial y la aceleración, que es:

\[ v_f = v₀ + a \cdot t \]

Al sustituir los valores en la ecuación, tendría:

\[ v_f = 5 \, \text{m/s} + 2 \, \text{m/s}² \cdot 3 \, \text{s} \]

Entonces, primero calculo \( 2 \, \text{m/s}² \cdot 3 \, \text{s} \):

\[ 2 \cdot 3 = 6 \, \text{m/s} \]

Así que ahora sustituyo eso en la fórmula:

\[ v_f = 5 \, \text{m/s} + 6 \, \text{m/s} = 11 \, \text{m/s} \]

Por lo tanto, creo que el coche alcanza una velocidad final de 11 m/s. Espero que esta vez esté correcto y haya hecho todos los pasos necesarios."
2026-03-18 16:37:35,b50d06ed,1,Alumno,Con dificultades,"""Un coche tiene una aceleración de 3 m/s². ¿Cuál es su velocidad?""",,"Bueno, a ver, el problema dice que un coche tiene una aceleración de 3 m/s². No estoy seguro, pero creo que puedo usar la fórmula de velocidad. O quizás debería usar la de aceleración, no sé, es un poco confuso para mí. Así que voy a intentar con esta fórmula:

v = a · t

Pero, el problema no dice nada sobre el tiempo, así que no sé... Puedo pensar en el tiempo como si fuera 2 segundos, por ejemplo. Entonces, si pongo el tiempo como 2, me quedaría:

v = 3 m/s² · 2 s = 6 m/s 

Creo que eso está bien, o al menos eso creo. Pero no estoy seguro de si esto es correcto porque realmente no sé si se necesita el tiempo o si se está utilizando bien la fórmula. En fin, parece que el coche podría ir a 6 m/s, ¿no?"
2026-03-18 16:37:35,b50d06ed,2,Profesor,,"""Un coche tiene una aceleración de 3 m/s². ¿Cuál es su velocidad?""","Bueno, a ver, el problema dice que un coche tiene una aceleración de 3 m/s². No estoy seguro, pero creo que puedo usar la fórmula de velocidad. O quizás debería usar la de aceleración, no sé, es un poco confuso para mí. Así que voy a intentar con esta fórmula:

v = a · t

Pero, el problema no dice nada sobre el tiempo, así que no sé... Puedo pensar en el tiempo como si fuera 2 segundos, por ejemplo. Entonces, si pongo el tiempo como 2, me quedaría:

v = 3 m/s² · 2 s = 6 m/s 

Creo que eso está bien, o al menos eso creo. Pero no estoy seguro de si esto es correcto porque realmente no sé si se necesita el tiempo o si se está utilizando bien la fórmula. En fin, parece que el coche podría ir a 6 m/s, ¿no?","FASE 0 – Diagnóstico  
Has identificado la aceleración del coche, pero es importante notar que para encontrar la velocidad, necesitamos más información. La aceleración es una variación de velocidad por unidad de tiempo, por lo que es fundamental saber durante cuánto tiempo ha estado acelerando el coche o cuál es su velocidad inicial si se menciona. 

FASE 1 – Datos  
¿Qué datos te proporciona el enunciado? Intenta listar todos los que puedes identificar y recuerda incluir las unidades correspondientes."
2026-03-18 16:37:35,b50d06ed,3,Alumno,Con dificultades,"""Un coche tiene una aceleración de 3 m/s². ¿Cuál es su velocidad?""","FASE 0 – Diagnóstico  
Has identificado la aceleración del coche, pero es importante notar que para encontrar la velocidad, necesitamos más información. La aceleración es una variación de velocidad por unidad de tiempo, por lo que es fundamental saber durante cuánto tiempo ha estado acelerando el coche o cuál es su velocidad inicial si se menciona. 

FASE 1 – Datos  
¿Qué datos te proporciona el enunciado? Intenta listar todos los que puedes identificar y recuerda incluir las unidades correspondientes.","Vale, intentaré hacer esto. El enunciado dice que el coche tiene una aceleración de 3 m/s². Ese es un dato que tengo claro. La aceleración es la forma en que cambia la velocidad del coche cada segundo, pero no sé exactamente cómo usarlo para encontrar la velocidad, porque no me dicen cuánto tiempo ha estado acelerando el coche, y eso me confunde un poco.

Ahora que lo pienso, creo que tengo que listar los datos. A ver:

1. Aceleración (a) = 3 m/s²

Y ya está, eso es todo lo que dice el problema. No dice nada más, como el tiempo o la velocidad inicial. No estoy seguro si hay que hacer algo más allá de esto. Creo que hace falta más información para calcular la velocidad. Pero aún así, como mencioné antes, pensaba que tenía que usar la fórmula v = a · t y que podría usar 2 segundos para resolverlo.

Me parece un poco complicado porque solo tengo un dato y no sé si hay alguna otra forma de encontrar la velocidad. Pero, pues, ya que tengo esta aceleración, creo que debería intentar usarlo aunque no tenga el tiempo... No sé, es confuso."
2026-03-18 16:37:54,8cd6c64f,1,Alumno,Con dificultades,"""Un objeto cae durante 2 segundos. ¿Qué velocidad alcanza?""",,"Bueno, voy a intentar resolver este problema, aunque no estoy muy seguro de si lo haré bien. Creo que tengo que usar alguna fórmula de cinemática, pero no sé si esta es la correcta. 

El objeto cae durante 2 segundos, entonces creo que podría usar la fórmula de la velocidad final que es v = a · t. Pero no estoy seguro de qué valor poner para ""a"". Sé que en la Tierra la aceleración debida a la gravedad es como 9.8 m/s², entonces, creo que podría usar eso.

Así que, si la aceleración es 9.8 m/s² y el tiempo es 2 s, haría algo así:

v = 9.8 m/s² · 2 s. 

Entonces, hago la multiplicación:

v = 19.6 m/s.

Pero, no sé, creo que eso es más como velocidad que aceleración. Bueno, eso es lo que tengo. ¡No sé si está bien! Solo espero que sea por ahí."
2026-03-18 16:37:54,8cd6c64f,2,Profesor,,"""Un objeto cae durante 2 segundos. ¿Qué velocidad alcanza?""","Bueno, voy a intentar resolver este problema, aunque no estoy muy seguro de si lo haré bien. Creo que tengo que usar alguna fórmula de cinemática, pero no sé si esta es la correcta. 

El objeto cae durante 2 segundos, entonces creo que podría usar la fórmula de la velocidad final que es v = a · t. Pero no estoy seguro de qué valor poner para ""a"". Sé que en la Tierra la aceleración debida a la gravedad es como 9.8 m/s², entonces, creo que podría usar eso.

Así que, si la aceleración es 9.8 m/s² y el tiempo es 2 s, haría algo así:

v = 9.8 m/s² · 2 s. 

Entonces, hago la multiplicación:

v = 19.6 m/s.

Pero, no sé, creo que eso es más como velocidad que aceleración. Bueno, eso es lo que tengo. ¡No sé si está bien! Solo espero que sea por ahí.","FASE 0 – Diagnóstico  
Muy bien, has identificado correctamente que se trata de un objeto en caída libre, donde efectivamente se usa la aceleración debida a la gravedad. El error principal en tu razonamiento está en la forma en que consideras la magnitud de la aceleración. Ahora, vamos a proceder paso a paso.

FASE 1 – Datos  
Primero, listas los datos que tienes en el problema, especificando las unidades. ¿Cuáles son los datos que puedes identificar?"
2026-03-18 16:37:54,8cd6c64f,3,Alumno,Con dificultades,"""Un objeto cae durante 2 segundos. ¿Qué velocidad alcanza?""","FASE 0 – Diagnóstico  
Muy bien, has identificado correctamente que se trata de un objeto en caída libre, donde efectivamente se usa la aceleración debida a la gravedad. El error principal en tu razonamiento está en la forma en que consideras la magnitud de la aceleración. Ahora, vamos a proceder paso a paso.

FASE 1 – Datos  
Primero, listas los datos que tienes en el problema, especificando las unidades. ¿Cuáles son los datos que puedes identificar?","Vale, voy a intentar listar los datos que tengo para este problema, aunque no estoy muy seguro de si lo estoy haciendo bien:

1. Tiempo (t) = 2 segundos (s).
2. Aceleración (a) = 9.8 m/s² (que es la gravedad en la Tierra, creo).

Eso es lo que tengo. No sé si falta algo más, pero parece que eso cubre lo básico. La verdad es que no estoy seguro si necesito algún otro dato, como la altura desde la que cae el objeto, pero vamos a ignorarlo por ahora y seguir con los cálculos. 

Creo que eso está bien. ¿Qué sigue?"
